{
	"name": "copydelimited",
	"properties": {
		"linkedServiceName": {
			"referenceName": "GitData",
			"type": "LinkedServiceReference"
		},
		"annotations": [],
		"type": "DelimitedText",
		"typeProperties": {
			"location": {
				"type": "HttpServerLocation",
				"relativeUrl": "CO2%20Emissions_Canada.csv"
			},
			"columnDelimiter": ",",
			"rowDelimiter": "\n",
			"escapeChar": "\\",
			"firstRowAsHeader": true,
			"quoteChar": "\""
		},
		"schema": [
			{
				"name": "Make",
				"type": "String"
			},
			{
				"name": "Model",
				"type": "String"
			},
			{
				"name": "Vehicle Class",
				"type": "String"
			},
			{
				"name": "Engine Size(L)",
				"type": "String"
			},
			{
				"name": "Cylinders",
				"type": "String"
			},
			{
				"name": "Transmission",
				"type": "String"
			},
			{
				"name": "Fuel Type",
				"type": "String"
			},
			{
				"name": "Fuel Consumption City (L/100 km)",
				"type": "String"
			},
			{
				"name": "Fuel Consumption Hwy (L/100 km)",
				"type": "String"
			},
			{
				"name": "Fuel Consumption Comb (L/100 km)",
				"type": "String"
			},
			{
				"name": "Fuel Consumption Comb (mpg)",
				"type": "String"
			},
			{
				"name": "CO2 Emissions(g/km)\r",
				"type": "String"
			}
		]
	}
}