{
	"name": "copysinkdelimited",
	"properties": {
		"linkedServiceName": {
			"referenceName": "AzureDataLakeStoragetoCopy",
			"type": "LinkedServiceReference"
		},
		"annotations": [],
		"type": "DelimitedText",
		"typeProperties": {
			"location": {
				"type": "AzureBlobFSLocation",
				"folderPath": "PARENT/RAW",
				"fileSystem": "blobstorage"
			},
			"columnDelimiter": ",",
			"escapeChar": "\\",
			"firstRowAsHeader": true,
			"quoteChar": "\""
		},
		"schema": []
	}
}