{
	"name": "CopyPipeline_3nk",
	"properties": {
		"activities": [
			{
				"name": "Copy data1",
				"type": "Copy",
				"dependsOn": [],
				"policy": {
					"timeout": "0.12:00:00",
					"retry": 0,
					"retryIntervalInSeconds": 30,
					"secureOutput": false,
					"secureInput": false
				},
				"userProperties": [],
				"typeProperties": {
					"source": {
						"type": "DelimitedTextSource",
						"storeSettings": {
							"type": "HttpReadSettings",
							"requestMethod": "GET"
						},
						"formatSettings": {
							"type": "DelimitedTextReadSettings"
						}
					},
					"sink": {
						"type": "DelimitedTextSink",
						"storeSettings": {
							"type": "AzureBlobFSWriteSettings"
						},
						"formatSettings": {
							"type": "DelimitedTextWriteSettings",
							"quoteAllText": true,
							"fileExtension": ".csv"
						}
					},
					"enableStaging": false,
					"translator": {
						"type": "TabularTranslator",
						"mappings": [
							{
								"source": {
									"name": "Make",
									"type": "String",
									"physicalType": "String"
								},
								"sink": {
									"name": "Make",
									"type": "String",
									"physicalType": "String"
								}
							},
							{
								"source": {
									"name": "Model",
									"type": "String",
									"physicalType": "String"
								},
								"sink": {
									"name": "Model",
									"type": "String",
									"physicalType": "String"
								}
							},
							{
								"source": {
									"name": "Vehicle Class",
									"type": "String",
									"physicalType": "String"
								},
								"sink": {
									"name": "Vehicle Class",
									"type": "String",
									"physicalType": "String"
								}
							},
							{
								"source": {
									"name": "Engine Size(L)",
									"type": "Decimal",
									"physicalType": "String"
								},
								"sink": {
									"name": "Engine Size(L)",
									"type": "String",
									"physicalType": "String"
								}
							},
							{
								"source": {
									"name": "Cylinders",
									"type": "Int32",
									"physicalType": "String"
								},
								"sink": {
									"name": "Cylinders",
									"type": "String",
									"physicalType": "String"
								}
							},
							{
								"source": {
									"name": "Transmission",
									"type": "String",
									"physicalType": "String"
								},
								"sink": {
									"name": "Transmission",
									"type": "String",
									"physicalType": "String"
								}
							},
							{
								"source": {
									"name": "Fuel Type",
									"type": "String",
									"physicalType": "String"
								},
								"sink": {
									"name": "Fuel Type",
									"type": "String",
									"physicalType": "String"
								}
							},
							{
								"source": {
									"name": "Fuel Consumption City (L/100 km)",
									"type": "Decimal",
									"physicalType": "String"
								},
								"sink": {
									"name": "Fuel Consumption City (L/100 km)",
									"type": "String",
									"physicalType": "String"
								}
							},
							{
								"source": {
									"name": "Fuel Consumption Hwy (L/100 km)",
									"type": "Decimal",
									"physicalType": "String"
								},
								"sink": {
									"name": "Fuel Consumption Hwy (L/100 km)",
									"type": "String",
									"physicalType": "String"
								}
							},
							{
								"source": {
									"name": "Fuel Consumption Comb (L/100 km)",
									"type": "Decimal",
									"physicalType": "String"
								},
								"sink": {
									"name": "Fuel Consumption Comb (L/100 km)",
									"type": "String",
									"physicalType": "String"
								}
							},
							{
								"source": {
									"name": "Fuel Consumption Comb (mpg)",
									"type": "Decimal",
									"physicalType": "String"
								},
								"sink": {
									"name": "Fuel Consumption Comb (mpg)",
									"type": "String",
									"physicalType": "String"
								}
							},
							{
								"source": {
									"name": "CO2 Emissions(g/km)\r",
									"type": "Decimal",
									"physicalType": "String"
								},
								"sink": {
									"name": "CO2 Emissions(g/km)\r",
									"type": "String",
									"physicalType": "String"
								}
							}
						],
						"typeConversion": true,
						"typeConversionSettings": {
							"allowDataTruncation": true,
							"treatBooleanAsNumber": false
						}
					}
				},
				"inputs": [
					{
						"referenceName": "copydelimited",
						"type": "DatasetReference"
					}
				],
				"outputs": [
					{
						"referenceName": "copysinkdelimited",
						"type": "DatasetReference"
					}
				]
			},
			{
				"name": "Notebook1",
				"type": "DatabricksNotebook",
				"dependsOn": [
					{
						"activity": "Copy data1",
						"dependencyConditions": [
							"Completed"
						]
					}
				],
				"policy": {
					"timeout": "0.12:00:00",
					"retry": 0,
					"retryIntervalInSeconds": 30,
					"secureOutput": false,
					"secureInput": false
				},
				"userProperties": [],
				"typeProperties": {
					"notebookPath": "/Users/shellunext_1693422065148@npunext.onmicrosoft.com/Databricks"
				},
				"linkedServiceName": {
					"referenceName": "AzureDatabricksAllFinal",
					"type": "LinkedServiceReference"
				}
			}
		],
		"annotations": []
	}
}